inc,breachtot,severe,moderate,basic,avgbreachtot,avgsevere,avgmoderate,avgbasic
Low Income,270,145,39,86,1.54285714285714,0.828571428571429,0.222857142857143,0.491428571428572
Middle Class,564,385,71,108,1.80191693290735,1.23003194888179,0.226837060702875,0.345047923322684
Upper Class,147,120,13,14,2.01369863013699,1.64383561643836,0.178082191780822,0.191780821917808
