inc,breachtot,severe,moderate,basic,avgbreachtot,avgsevere,avgmoderate,avgbasic,pct_total,pct_severe,pct_moderate,pct_base
Low Income,270,145,39,86,1.54285714285714,0.828571428571429,0.222857142857143,0.491428571428572,27.5229357798165,14.7808358817533,3.97553516819572,8.76656472986748
Middle Class,564,385,71,108,1.80191693290735,1.23003194888179,0.226837060702875,0.345047923322684,57.4923547400612,39.2456676860347,7.2375127420999,11.0091743119266
Upper Class,147,120,13,14,2.01369863013699,1.64383561643836,0.178082191780822,0.191780821917808,14.9847094801223,12.2324159021407,1.32517838939857,1.42711518858308
